{
    "camera": {
        "aspect": 1.0,
        "far": 100.0,
        "fov": 60.0,
        "near": 0.10000000149011612,
        "position": [
            11.280001640319824,
            5.9499993324279785,
            -7.8000006675720215
        ],
        "target": [
            32.260108947753906,
            -4.32999849319458,
            4.0
        ],
        "up": [
            -0.10000001639127731,
            0.6999999284744263,
            0.10000001639127731
        ]
    },
    "lights": [
        {
            "intensity": [
                1000.0,
                1000.0,
                1000.0
            ],
            "name": "light0",
            "position": [
                0.0,
                20.0,
                -5.0
            ]
        }
    ],
    "objects": [
        {
            "color": [
                100.0,
                100.0,
                240.0
            ],
            "name": "Sphere0",
            "objfile": "../objects/sphere.obj",
            "rotation": [
                0.0,
                0.0,
                0.0
            ],
            "scale": [
                1.0,
                1.0,
                1.0
            ],
            "translate": [
                0.0,
                0.0,
                0.0
            ]
        },
        {
            "color": [
                100.0,
                100.0,
                240.0
            ],
            "name": "Sphere1",
            "objfile": "../objects/sphere.obj",
            "rotation": [
                0.0,
                0.0,
                0.0
            ],
            "scale": [
                1.0,
                1.0,
                1.0
            ],
            "translate": [
                2.5,
                0.0,
                0.0
            ]
        },
        {
            "color": [
                100.0,
                100.0,
                240.0
            ],
            "name": "Sphere2",
            "objfile": "../objects/sphere.obj",
            "rotation": [
                0.0,
                0.0,
                0.0
            ],
            "scale": [
                1.0,
                1.0,
                1.0
            ],
            "translate": [
                -2.5,
                0.0,
                0.0
            ]
        },
        {
            "color": [
                100.0,
                100.0,
                240.0
            ],
            "name": "Sphere3",
            "objfile": "../objects/sphere.obj",
            "rotation": [
                0.0,
                0.0,
                0.0
            ],
            "scale": [
                1.0,
                1.0,
                1.0
            ],
            "translate": [
                0.0,
                2.5,
                0.0
            ]
        },
        {
            "color": [
                100.0,
                100.0,
                240.0
            ],
            "name": "Sphere4",
            "objfile": "../objects/sphere.obj",
            "rotation": [
                0.0,
                0.0,
                0.0
            ],
            "scale": [
                1.0,
                1.0,
                1.0
            ],
            "translate": [
                -2.5,
                2.5,
                0.0
            ]
        },
        {
            "color": [
                100.0,
                100.0,
                240.0
            ],
            "name": "Sphere5",
            "objfile": "../objects/sphere.obj",
            "rotation": [
                0.0,
                0.0,
                0.0
            ],
            "scale": [
                1.0,
                1.0,
                1.0
            ],
            "translate": [
                2.5999999046325684,
                2.5,
                0.0
            ]
        },
        {
            "color": [
                100.0,
                100.0,
                240.0
            ],
            "name": "Sphere6",
            "objfile": "../objects/sphere.obj",
            "rotation": [
                0.0,
                0.0,
                0.0
            ],
            "scale": [
                1.0,
                1.0,
                1.0
            ],
            "translate": [
                0.0,
                -2.5,
                0.0
            ]
        },
        {
            "color": [
                100.0,
                100.0,
                240.0
            ],
            "name": "Sphere7",
            "objfile": "../objects/sphere.obj",
            "rotation": [
                0.0,
                0.0,
                0.0
            ],
            "scale": [
                1.0,
                1.0,
                1.0
            ],
            "translate": [
                2.5,
                -2.5,
                0.0
            ]
        },
        {
            "color": [
                100.0,
                100.0,
                240.0
            ],
            "name": "Sphere8",
            "objfile": "../objects/sphere.obj",
            "rotation": [
                0.0,
                0.0,
                0.0
            ],
            "scale": [
                1.0,
                1.0,
                1.0
            ],
            "translate": [
                -2.5,
                -2.5,
                0.0
            ]
        },
        {
            "color": [
                100.0,
                100.0,
                240.0
            ],
            "name": "Sphere9",
            "objfile": "../objects/sphere.obj",
            "rotation": [
                0.0,
                0.0,
                0.0
            ],
            "scale": [
                1.0,
                1.0,
                1.0
            ],
            "translate": [
                0.0,
                0.0,
                2.5
            ]
        },
        {
            "color": [
                100.0,
                100.0,
                240.0
            ],
            "name": "Sphere10",
            "objfile": "../objects/sphere.obj",
            "rotation": [
                0.0,
                0.0,
                0.0
            ],
            "scale": [
                1.0,
                1.0,
                1.0
            ],
            "translate": [
                2.5,
                0.0,
                2.5
            ]
        },
        {
            "color": [
                100.0,
                100.0,
                240.0
            ],
            "name": "Sphere11",
            "objfile": "../objects/sphere.obj",
            "rotation": [
                0.0,
                0.0,
                0.0
            ],
            "scale": [
                1.0,
                1.0,
                1.0
            ],
            "translate": [
                -2.5,
                0.0,
                2.5
            ]
        },
        {
            "color": [
                100.0,
                100.0,
                240.0
            ],
            "name": "Sphere12",
            "objfile": "../objects/sphere.obj",
            "rotation": [
                0.0,
                0.0,
                0.0
            ],
            "scale": [
                1.0,
                1.0,
                1.0
            ],
            "translate": [
                0.0,
                2.5,
                2.5
            ]
        },
        {
            "color": [
                100.0,
                100.0,
                240.0
            ],
            "name": "Sphere13",
            "objfile": "../objects/sphere.obj",
            "rotation": [
                0.0,
                0.0,
                0.0
            ],
            "scale": [
                1.0,
                1.0,
                1.0
            ],